,0
2016-08-11,30000.0
2016-08-12,30000.0
2016-08-15,30000.0
2016-08-16,30000.0
2016-08-17,30000.0
2016-08-18,30000.0
2016-08-19,30000.0
2016-08-22,30000.0
2016-08-23,30000.0
2016-08-24,30000.0
2016-08-25,30000.0
2016-08-26,30000.0
2016-08-29,30000.0
2016-08-30,30000.0
2016-08-31,30000.0
2016-09-01,30000.0
2016-09-02,30000.0
2016-09-06,30000.0
2016-09-07,30000.0
2016-09-08,30000.0
2016-09-09,30000.0
2016-09-12,30000.0
2016-09-13,30000.0
2016-09-14,30000.0
2016-09-15,30000.0
2016-09-16,30000.0
2016-09-19,30000.0
2016-09-20,30000.0
2016-09-21,30000.0
2016-09-22,30000.0
2016-09-23,30000.0
2016-09-26,30000.0
2016-09-27,30000.0
2016-09-28,30000.0
2016-09-29,30000.0
2016-09-30,30000.0
2016-10-03,30000.0
2016-10-04,30000.0
2016-10-05,30000.0
2016-10-06,30000.0
2016-10-07,30000.0
2016-10-10,30000.0
2016-10-11,30000.0
2016-10-12,30000.0
2016-10-13,30000.0
2016-10-14,30000.0
2016-10-17,30000.0
2016-10-18,30000.0
2016-10-19,30000.0
2016-10-20,30000.0
2016-10-21,30000.0
2016-10-24,30000.0
2016-10-25,30000.0
2016-10-26,30000.0
2016-10-27,30000.0
2016-10-28,30000.0
2016-10-31,30000.0
2016-11-01,30000.0
2016-11-02,30000.0
2016-11-03,30000.0
2016-11-04,30000.0
2016-11-07,30000.0
2016-11-08,30000.0
2016-11-09,30000.0
2016-11-10,30000.0
2016-11-11,30000.0
2016-11-14,30000.0
2016-11-15,30000.0
2016-11-16,30000.0
2016-11-17,30000.0
2016-11-18,30000.0
2016-11-21,30000.0
2016-11-22,30000.0
2016-11-23,30000.0
2016-11-25,30000.0
2016-11-28,30000.0
2016-11-29,30000.0
2016-11-30,30000.0
2016-12-01,30000.0
2016-12-02,30000.0
2016-12-05,30000.0
2016-12-06,30000.0
2016-12-07,30000.0
2016-12-08,30000.0
2016-12-09,30000.0
2016-12-12,30000.0
2016-12-13,30000.0
2016-12-14,30000.0
2016-12-15,30000.0
2016-12-16,30000.0
2016-12-19,30000.0
2016-12-20,30000.0
2016-12-21,30000.0
2016-12-22,30000.0
2016-12-23,30000.0
2016-12-27,30000.0
2016-12-28,30000.0
2016-12-29,30000.0
2016-12-30,30000.0
2017-01-03,30000.0
2017-01-04,30000.0
2017-01-05,30000.0
2017-01-06,30000.0
2017-01-09,30000.0
2017-01-10,30000.0
2017-01-11,30000.0
2017-01-12,30000.0
2017-01-13,30000.0
2017-01-17,30000.0
2017-01-18,30000.0
2017-01-19,30000.0
2017-01-20,30000.0
2017-01-23,30000.0
2017-01-24,30000.0
2017-01-25,30000.0
2017-01-26,30000.0
2017-01-27,30000.0
2017-01-30,30000.0
2017-01-31,30000.0
2017-02-01,30000.0
2017-02-02,30000.0
2017-02-03,30000.0
2017-02-06,30000.0
2017-02-07,30000.0
2017-02-08,30000.0
2017-02-09,30000.0
2017-02-10,30000.0
2017-02-13,30000.0
2017-02-14,30000.0
2017-02-15,30000.0
2017-02-16,30000.0
2017-02-17,30000.0
2017-02-21,30000.0
2017-02-22,30000.0
2017-02-23,30000.0
2017-02-24,30000.0
2017-02-27,30000.0
2017-02-28,30000.0
2017-03-01,30000.0
2017-03-02,30000.0
2017-03-03,30000.0
2017-03-06,30000.0
2017-03-07,30000.0
2017-03-08,30000.0
2017-03-09,30000.0
2017-03-10,30000.0
2017-03-13,30000.0
2017-03-14,30000.0
2017-03-15,30000.0
2017-03-16,30000.0
2017-03-17,30000.0
2017-03-20,30000.0
2017-03-21,30000.0
2017-03-22,30000.0
2017-03-23,30000.0
2017-03-24,30000.0
2017-03-27,30000.0
2017-03-28,30000.0
2017-03-29,30000.0
2017-03-30,30000.0
2017-03-31,30000.0
2017-04-03,30000.0
2017-04-04,30000.0
2017-04-05,30000.0
2017-04-06,30000.0
2017-04-07,30000.0
2017-04-10,30000.0
2017-04-11,30000.0
2017-04-12,30000.0
2017-04-13,30000.0
2017-04-17,30000.0
2017-04-18,30000.0
2017-04-19,30000.0
2017-04-20,30000.0
2017-04-21,30000.0
2017-04-24,30000.0
2017-04-25,30000.0
2017-04-26,30000.0
2017-04-27,30000.0
2017-04-28,30000.0
2017-05-01,30000.0
2017-05-02,30000.0
2017-05-03,30000.0
2017-05-04,30000.0
2017-05-05,30000.0
2017-05-08,30000.0
2017-05-09,30000.0
2017-05-10,30000.0
2017-05-11,30000.0
2017-05-12,30000.0
2017-05-15,30000.0
2017-05-16,30000.0
2017-05-17,30000.0
2017-05-18,30000.0
2017-05-19,30000.0
2017-05-22,30000.0
2017-05-23,30000.0
2017-05-24,30000.0
2017-05-25,30000.0
2017-05-26,30000.0
2017-05-30,30000.0
2017-05-31,30000.0
2017-06-01,30000.0
2017-06-02,30000.0
2017-06-05,30000.0
2017-06-06,30000.0
2017-06-07,30000.0
2017-06-08,30000.0
2017-06-09,30000.0
2017-06-12,30000.0
2017-06-13,30000.0
2017-06-14,30000.0
2017-06-15,30000.0
2017-06-16,30000.0
2017-06-19,30000.0
2017-06-20,30000.0
2017-06-21,30000.0
2017-06-22,30000.0
2017-06-23,30000.0
2017-06-26,30000.0
2017-06-27,30000.0
2017-06-28,30000.0
2017-06-29,30000.0
2017-06-30,30000.0
2017-07-03,30000.0
2017-07-05,30000.0
2017-07-06,30000.0
2017-07-07,30000.0
2017-07-10,30000.0
2017-07-11,30000.0
2017-07-12,30000.0
2017-07-13,30000.0
2017-07-14,30000.0
2017-07-17,30000.0
2017-07-18,30000.0
2017-07-19,30000.0
2017-07-20,30000.0
2017-07-21,30000.0
2017-07-24,30000.0
2017-07-25,30000.0
2017-07-26,30000.0
2017-07-27,30000.0
2017-07-28,30000.0
2017-07-31,30000.0
2017-08-01,30000.0
2017-08-02,30000.0
2017-08-03,30000.0
2017-08-04,30000.0
2017-08-07,30000.0
2017-08-08,30000.0
2017-08-09,30000.0
2017-08-10,30000.0
2017-08-11,30000.0
2017-08-14,30000.0
2017-08-15,30000.0
2017-08-16,30000.0
2017-08-17,30000.0
2017-08-18,30000.0
2017-08-21,30000.0
2017-08-22,30000.0
2017-08-23,30000.0
2017-08-24,30000.0
2017-08-25,30000.0
2017-08-28,30000.0
2017-08-29,30000.0
2017-08-30,30000.0
2017-08-31,30000.0
2017-09-01,29946.150008170873
2017-09-05,29554.69442745816
2017-09-06,29617.49114978131
2017-09-07,29503.84729786275
2017-09-08,29428.589903191874
2017-09-11,29851.071305506273
2017-09-12,30016.301986430848
2017-09-13,30032.556279370037
2017-09-14,29919.624306048714
2017-09-15,30024.10548842209
2017-09-18,30136.680352836764
2017-09-19,30274.525491201228
2017-09-20,30262.31090005232
2017-09-21,30169.48513056799
2017-09-22,30153.049707434897
2017-09-25,29916.82473794809
2017-09-26,29974.943732035423
2017-09-27,30288.535623948355
2017-09-28,30312.814179509438
2017-09-29,30501.540102465315
2017-10-02,30612.605173780597
2017-10-03,30693.68008717828
2017-10-04,30649.684192679786
2017-10-05,30953.84329607218
2017-10-06,30995.112109852835
2017-10-09,30969.859546618136
2017-10-10,31035.058844519262
2017-10-11,31080.672860397015
2017-10-12,30957.306243964762
2017-10-13,31050.75958804593
2017-10-16,31191.318387939973
2017-10-17,31153.2019544877
2017-10-18,31221.869122613927
2017-10-19,31160.548523142294
2017-10-20,31381.022954296972
2017-10-23,31255.289829584963
2017-10-24,31376.410889299514
2017-10-25,31217.81900874811
2017-10-26,31286.1030594629
2017-10-27,31862.878749903015
2017-10-30,31866.907862463842
2017-10-31,31924.727849127274
2017-11-01,31952.065699955587
2017-11-02,31979.84694986879
2017-11-03,32015.42299313204
2017-11-06,31981.648099149832
2017-11-07,31850.138931731282
2017-11-08,31867.0570263245
2017-11-09,31655.520791486157
2017-11-10,31606.93492333577
2017-11-13,31674.16615484582
2017-11-14,31552.701810487117
2017-11-15,31439.267673351005
2017-11-16,31717.449277529602
2017-11-17,31651.875773036572
2017-11-20,31754.720393782412
2017-11-21,31954.662639070284
2017-11-22,31853.20619487449
2017-11-24,31963.171756288055
2017-11-27,31891.672522594446
2017-11-28,32320.32449398838
2017-11-29,32283.00568070937
2017-11-30,32509.036714416932
2017-12-01,32387.312019094716
2017-12-04,32253.94086105829
2017-12-05,32206.82555077752
2017-12-06,32285.45003997138
2017-12-07,32423.525334343532
2017-12-08,32588.46124649918
2017-12-11,32739.516535812058
2017-12-12,32830.77893300905
2017-12-13,32719.551390317178
2017-12-14,32627.821951659516
2017-12-15,32973.21028703425
2017-12-18,33261.20559772643
2017-12-19,33080.012574016626
2017-12-20,33044.98680880814
2017-12-21,33119.03536519014
2017-12-22,33068.189588005975
2017-12-26,32903.771388623805
2017-12-27,32928.916613532456
2017-12-28,33004.174562002314
2017-12-29,32799.63175238798
2018-01-02,33130.23772077842
2018-01-03,33388.98984332172
2018-01-04,33567.81815614588
2018-01-05,33829.45895696361
2018-01-08,33899.97630907994
2018-01-09,33959.43473947798
2018-01-10,33988.77904128078
2018-01-11,34167.57924818105
2018-01-12,34420.36595232721
2018-01-16,34311.529812546345
2018-01-17,34693.129521956806
2018-01-18,34700.015709817475
2018-01-19,34841.32555956231
2018-01-22,35173.01649787937
2018-01-23,35333.13286542813
2018-01-24,35244.942530308814
2018-01-25,35196.61502753733
2018-01-26,35648.620241199686
2018-01-29,35435.45870147227
2018-01-30,35078.12811605455
2018-01-31,35245.95372821721
2018-02-01,34978.916524504566
2018-02-02,34289.318804487586
2018-02-05,32975.370107451
2018-02-06,33863.5901383197
2018-02-07,33538.33255043865
2018-02-08,32157.669186201674
2018-02-09,32677.23553676898
2018-02-12,33213.97472323992
2018-02-13,33355.93207268215
2018-02-14,33945.699141174926
2018-02-15,34472.53503470687
2018-02-16,34348.491811478976
2018-02-20,34346.65125877318
2018-02-21,34224.44641248693
2018-02-22,34250.940066495685
2018-02-23,34882.9500973287
2018-02-26,35317.027783628524
2018-02-27,34803.33004448861
2018-02-28,34593.93575984178
2018-03-01,34090.4200171963
2018-03-02,34314.26358368603
2018-03-05,34694.19580892961
2018-03-06,34848.331162436014
2018-03-07,34861.08205464553
2018-03-08,35012.430529798185
2018-03-09,35640.81742461398
2018-03-12,35780.149095701985
2018-03-13,35397.26969363137
2018-03-14,35370.5800372106
2018-03-15,35354.763932002235
2018-03-16,35295.242288188005
2018-03-19,34664.448942077914
2018-03-20,34766.368985299574
2018-03-21,34637.36754578237
2018-03-22,33808.845201347525
2018-03-23,32989.86196494835
2018-03-26,34140.82077153419
2018-03-27,33184.65882891915
2018-03-28,32849.20567813843
2018-03-29,33419.99027986657
2018-04-02,32518.389099109834
2018-04-03,32884.96451275668
2018-04-04,33412.05101977383
2018-04-05,33670.69514763059
2018-04-06,32875.706704578166
2018-04-09,33012.08907312246
2018-04-10,33659.58289838414
2018-04-11,33494.485511988176
2018-04-12,33811.54551481296
2018-04-13,33652.79973313698
2018-04-16,33908.79575596932
2018-04-17,34572.39543987073
2018-04-18,34619.87134054165
2018-04-19,34349.82000592407
2018-04-20,33893.35092327799
2018-04-23,33847.9900193615
2018-04-24,33234.05745391353
2018-04-25,33294.85632844439
2018-04-26,33910.061977026126
2018-04-27,33947.74341735549
2018-04-30,33749.05051160623
2018-05-01,34033.77740857025
2018-05-02,33877.32355550723
2018-05-03,33851.13851551849
2018-05-04,34427.8582847429
2018-05-07,34641.596392502324
2018-05-08,34606.546396921694
2018-05-09,34914.22035411287
2018-05-10,35228.88168068552
2018-05-11,35225.70075049424
2018-05-14,35266.50569082047
2018-05-15,34957.03211355064
2018-05-16,35183.29790809952
2018-05-17,35038.496657991665
2018-05-18,34914.70225020243
2018-05-21,35145.7841734127
2018-05-22,35061.402819953946
2018-05-23,35330.608939247
2018-05-24,35339.27488418447
2018-05-25,35360.42930320965
2018-05-29,35153.061767291285
2018-05-30,35429.9313305945
2018-05-31,35369.00317596526
2018-06-01,35762.892088808585
2018-06-04,35863.12082720812
2018-06-05,35913.44280861686
2018-06-06,36118.57893816118
2018-06-07,36106.61863271415
2018-06-08,36063.767184236225
2018-06-11,36172.10062104347
2018-06-12,36202.29841895191
2018-06-13,36094.07829633654
2018-06-14,36284.09225489049
2018-06-15,35935.895870766144
2018-06-18,36061.85312130309
2018-06-19,35938.576692730014
2018-06-20,36101.711603312746
2018-06-21,35681.86268921069
2018-06-22,35854.26381822654
2018-06-25,35096.69440963584
2018-06-26,35339.48082559402
2018-06-27,35176.48810062389
2018-06-28,35405.28719011298
2018-06-29,35505.40544567189
2018-07-02,35658.95464163934
2018-07-03,35320.901277467194
2018-07-05,35692.005013271635
2018-07-06,36109.46486899655
2018-07-09,36453.27615739684
2018-07-10,36517.16352445841
2018-07-11,36379.60248270801
2018-07-12,36860.651365904334
2018-07-13,36884.725551109856
2018-07-16,36857.054755323355
2018-07-17,37035.44052849605
2018-07-18,36984.18411954315
2018-07-19,36850.096854865544
2018-07-20,36796.220529872844
2018-07-23,36884.70842639523
2018-07-24,36966.599673622535
2018-07-25,37383.907610120536
2018-07-26,36938.40399680315
2018-07-27,36529.77054779759
2018-07-30,36070.82985459829
2018-07-31,36251.586784697894
2018-08-01,36346.78998651894
2018-08-02,36747.184185784
2018-08-03,36870.41354258979
2018-08-06,37091.07036384939
2018-08-07,37240.56160221723
2018-08-08,37302.57887646747
2018-08-09,37346.24889956247
2018-08-10,37047.31665865362
2018-08-13,36954.289434382736
2018-08-14,37227.197231650345
2018-08-15,36812.54615164866
2018-08-16,36967.2669373944
2018-08-17,36999.53631674869
2018-08-20,37057.708111310494
2018-08-21,37221.485540071226
2018-08-22,37319.98514732607
2018-08-23,37317.27601539186
2018-08-24,37631.000573759855
2018-08-27,37954.479639826415
2018-08-28,38020.11705572458
2018-08-29,38423.306585863094
2018-08-30,38288.55291337721
2018-08-31,38365.517579881285
2018-09-04,38285.70408327687
2018-09-05,37824.37958299241
2018-09-06,37585.30176278535
2018-09-07,37493.56590380908
2018-09-10,37621.22253246086
2018-09-11,37925.40356494029
2018-09-12,37859.26283567974
2018-09-13,38163.68908111132
2018-09-14,38068.59451676755
2018-09-17,37569.28723566008
2018-09-18,37911.838018669965
2018-09-19,37875.32490746849
2018-09-20,38250.821452006836
2018-09-21,38074.37146214592
2018-09-24,38090.11029522252
2018-09-25,38145.68632723087
2018-09-26,38136.56128559771
2018-09-27,38362.63099386307
2018-09-28,38396.69366651828
2018-10-01,38444.725994221255
2018-10-02,38244.24498129082
2018-10-03,38253.575965841024
2018-10-04,37578.92810156756
2018-10-05,37173.68855572445
2018-10-08,36990.34612798846
2018-10-09,37038.17042836992
2018-10-10,35480.974013235376
2018-10-11,34976.19886318508
2018-10-12,35890.034366603344
2018-10-15,35521.73413351756
2018-10-16,36460.50029677596
2018-10-17,36309.24466599914
2018-10-18,35559.345361832085
2018-10-19,35427.42795033422
2018-10-22,35633.76101114754
2018-10-23,35546.84070011813
2018-10-24,34119.83205653558
2018-10-25,35248.03791708113
2018-10-26,34345.288195565576
2018-10-29,33815.56233448719
2018-10-30,34296.96541518558
2018-10-31,34984.84614391306
2018-11-01,35358.15988555277
2018-11-02,35271.20479903137
2018-11-05,35538.80664235066
2018-11-06,35724.093271406025
2018-11-07,36464.30599608127
2018-11-08,36480.55274505194
2018-11-09,36347.433152415084
2018-11-12,35875.85209755581
2018-11-13,35759.33084025234
2018-11-14,35493.835751627536
2018-11-15,35561.92343879807
2018-11-16,35664.66281485404
2018-11-19,35203.87340678452
2018-11-20,34633.37855832091
2018-11-21,34596.34758670024
2018-11-23,34601.46191769997
2018-11-26,34987.03079319677
2018-11-27,35246.98180081353
2018-11-28,35974.28057116368
2018-11-29,35977.64257401038
2018-11-30,36385.91038301535
2018-12-03,36412.06799366935
2018-12-04,35944.97516911411
2018-12-06,35925.80185733751
2018-12-07,35513.84901728555
2018-12-10,35582.656685087015
2018-12-11,35764.953500085954
2018-12-12,35776.244382207624
2018-12-13,35965.032765525735
2018-12-14,35334.91467364736
2018-12-17,34448.91963582782
2018-12-18,34135.68372855059
2018-12-19,33857.863160922265
2018-12-20,33491.42434382664
2018-12-21,33189.218726691586
2018-12-24,32142.007082776316
2018-12-26,33053.81275858403
2018-12-27,33373.82633682819
2018-12-28,33414.33596598844
2018-12-31,33644.17985337336
2019-01-02,33409.35836804551
2019-01-03,33584.25490140594
2019-01-04,33569.21337890804
2019-01-07,33430.69884362382
2019-01-08,33513.25311974234
2019-01-09,33458.79258491559
2019-01-10,33593.97328322192
2019-01-11,33618.89772640029
2019-01-14,33353.354088667074
2019-01-15,33468.75507049562
2019-01-16,33496.12861237993
2019-01-17,33501.78186250261
2019-01-18,33443.38431469623
2019-01-22,33541.954393661974
2019-01-23,33644.59580521035
2019-01-24,33774.3235994412
2019-01-25,33568.29679527317
2019-01-28,33522.29444959854
2019-01-29,33618.441587999965
2019-01-30,33756.40546238414
2019-01-31,34096.95125816193
2019-02-01,33903.22104635037
2019-02-04,33955.73492038731
2019-02-05,34038.10927669469
2019-02-06,33994.708232343626
2019-02-07,34114.83682320058
2019-02-08,34185.59543246768
2019-02-11,34200.52620615115
2019-02-12,34304.33341380876
2019-02-13,34373.03931099193
2019-02-14,34423.848003059305
2019-02-15,34701.34306708686
2019-02-19,34755.676084068764
2019-02-20,34720.86745048159
2019-02-21,34723.77804192464
2019-02-22,34967.61116690234
2019-02-25,34812.03499793108
2019-02-26,34733.041799269224
2019-02-27,34656.765936123265
2019-02-28,34723.472032515536
2019-03-01,34898.67460596502
2019-03-04,34808.31934923571
2019-03-05,34821.12742052159
2019-03-06,34621.48359285749
2019-03-07,34559.163826189266
2019-03-08,34584.83550995946
2019-03-11,34977.28017693911
2019-03-12,35205.49929200656
2019-03-13,35399.94491246158
2019-03-14,35408.43202819257
2019-03-15,35457.04757893281
2019-03-18,35334.3786976517
2019-03-19,35260.51306789309
2019-03-20,35263.47306974532
2019-03-21,35643.83685605027
2019-03-22,35457.35877634921
2019-03-25,35470.84121221974
2019-03-26,35709.207014429456
2019-03-27,35487.615146331955
2019-03-28,35477.06660443479
2019-03-29,35679.3424253715
2019-04-01,35676.13453266002
2019-04-02,35835.91088506037
2019-04-03,35901.01781869752
2019-04-04,35772.93179231014
2019-04-05,36033.66265392967
2019-04-08,35935.62875356352
2019-04-09,35871.88358127227
2019-04-10,36013.85288424606
2019-04-11,36042.10490306521
2019-04-12,36247.39205415881
2019-04-15,36168.17226736707
2019-04-16,35796.04317736219
2019-04-17,35692.92002521423
2019-04-18,35827.39098589375
2019-04-22,35713.49792978523
2019-04-23,36012.014145312714
2019-04-24,36178.39413841367
2019-04-25,36211.96093390261
2019-04-26,36265.803711238405
2019-04-29,36073.867213515674
2019-04-30,36429.93765304209
2019-05-01,36115.776947233935
2019-05-02,36009.79428407203
2019-05-03,36456.52650994714
2019-05-06,36214.24132138972
2019-05-07,35536.82142323752
2019-05-08,35497.02503484753
2019-05-09,35304.56659638523
2019-05-10,35373.4894420508
2019-05-13,34169.2377390951
2019-05-14,34592.67366713903
2019-05-15,34959.162933404754
2019-05-16,35290.80074077703
2019-05-17,34986.5056028485
2019-05-20,34504.45141858224
2019-05-21,34845.867607499065
2019-05-22,34614.43954619084
2019-05-23,34092.39476672183
2019-05-24,34104.80849581899
2019-05-28,33954.320794261046
2019-05-29,33694.18385826777
2019-05-30,33884.37232683662
2019-05-31,33368.00445073301
2019-06-03,33526.813742912134
2019-06-04,33576.47616802012
2019-06-05,34199.157225015784
2019-06-06,34409.73351307396
2019-06-07,34471.93486870192
2019-06-10,34357.50558162388
2019-06-11,34346.98228803415
2019-06-12,34556.068609769914
2019-06-13,34619.850805735136
2019-06-14,34795.68095053753
2019-06-17,34855.95801574705
2019-06-18,34711.43667279686
2019-06-19,34923.040990694826
2019-06-20,35170.4888346935
2019-06-21,35046.77017492215
2019-06-24,35021.67107244744
2019-06-25,34786.502026937465
2019-06-26,34143.33874466513
2019-06-27,34274.20463052294
2019-06-28,34347.983051486735
2019-07-01,34516.67291530898
2019-07-02,34785.208152134655
2019-07-03,35142.71469295704
2019-07-05,35069.399208582174
2019-07-08,35038.01462454402
2019-07-09,35153.405487569595
2019-07-10,35353.068620556915
2019-07-11,35270.263046997694
2019-07-12,35444.818370328045
2019-07-15,35537.921552307984
2019-07-16,35393.24402970354
2019-07-17,35189.99541870297
2019-07-18,35259.1134481309
2019-07-19,34939.29967739279
2019-07-22,35067.53620774346
2019-07-23,35325.836603976044
2019-07-24,35473.21578768288
2019-07-25,35307.64788960099
2019-07-26,35425.1860565521
2019-07-29,35405.310474597165
2019-07-30,35367.277416792414
2019-07-31,35006.791859494726
2019-08-01,34887.822552440484
2019-08-02,34790.142533072314
2019-08-05,33783.55853627536
2019-08-06,34212.12579224211
2019-08-07,34522.77678907313
2019-08-08,35135.720094903634
2019-08-09,34935.111434047554
2019-08-12,34694.68443543049
2019-08-13,35121.85406794698
2019-08-14,34394.7651792203
2019-08-15,34706.43304755363
2019-08-16,35139.820661632
2019-08-19,35540.64687376071
2019-08-20,35264.37555870047
2019-08-21,35482.47243261341
2019-08-22,35574.931418603104
2019-08-23,34836.40946870407
2019-08-26,35249.90754328101
2019-08-27,35159.56318574197
2019-08-28,35316.218227312456
2019-08-29,35611.484633855165
2019-08-30,35595.90840552899
2019-09-03,35996.160807766
2019-09-04,36215.08342654839
2019-09-05,35904.62080731478
2019-09-06,35911.311938742
2019-09-09,35734.72625312055
2019-09-10,35501.22864745805
2019-09-11,35633.84217901781
2019-09-12,35779.07446363348
2019-09-13,35492.25614751428
2019-09-16,35509.9348325513
2019-09-17,35844.87406860146
2019-09-18,35879.03739478081
2019-09-19,35972.742812426855
2019-09-20,35931.22144555495
2019-09-23,36023.62071344632
2019-09-24,36198.878153106336
2019-09-25,36187.03167103413
2019-09-26,36434.94671782285
2019-09-27,36298.19508091969
2019-09-30,36380.463323295815
2019-10-01,36215.96133897725
2019-10-02,35738.556896689464
2019-10-03,35991.32651622383
2019-10-04,36402.07408272471
2019-10-07,36234.866239912735
2019-10-08,35949.16674646794
2019-10-09,36135.40849280876
2019-10-10,36176.735096079356
2019-10-11,36079.91905857173
2019-10-14,35961.8743348699
2019-10-15,35881.79200699027
2019-10-16,35904.93823167032
2019-10-17,36069.89043101083
2019-10-18,36248.967281992656
2019-10-21,36417.82804389955
2019-10-22,36436.71435033509
2019-10-23,36562.806990566205
2019-10-24,36600.5536970244
2019-10-25,36255.33224433257
2019-10-28,35937.30049253157
2019-10-29,35979.31421758484
2019-10-30,36229.22041728746
2019-10-31,36237.83848168582
2019-11-01,36272.980142442626
2019-11-04,36045.50321492745
2019-11-05,35700.41969407768
2019-11-06,35784.136261667605
2019-11-07,35589.06773438581
2019-11-08,35583.88215053482
2019-11-11,35538.37518780196
2019-11-12,35528.956096991555
2019-11-13,35849.862806703946
2019-11-14,35997.7392400495
2019-11-15,36192.5359170273
2019-11-18,36319.16359086931
2019-11-19,36336.914188657815
2019-11-20,36343.198214512144
2019-11-21,36077.74488606974
2019-11-22,35997.30173319073
2019-11-25,36141.35087359645
2019-11-26,36359.98190219671
2019-11-27,36486.283083037546
2019-11-29,36391.94208627671
2019-12-02,35921.862791776475
2019-12-03,35554.121559488005
2019-12-04,35774.635614606676
2019-12-05,35898.31113959011
2019-12-06,36318.43557840246
2019-12-09,36172.15171207708
2019-12-10,36175.7510785307
2019-12-11,36293.193106131264
2019-12-12,36748.89160745291
2019-12-13,36826.81004961554
2019-12-16,37103.74708040714
2019-12-17,37130.231243251634
2019-12-18,37086.31039532493
2019-12-19,37248.7879381883
2019-12-20,37385.51645644015
2019-12-23,37425.62690279584
2019-12-24,37464.73150410088
2019-12-26,37737.209148545575
2019-12-27,37692.62458712563
2019-12-30,37501.07870443981
2019-12-31,37605.05784021876
2020-01-02,38171.730717512
2020-01-03,37777.019103808794
2020-01-06,37879.964752011634
2020-01-07,37790.57223606532
2020-01-08,38102.566766565054
2020-01-09,38432.68550780771
2020-01-10,38274.83210155719
2020-01-13,38668.88081885266
2020-01-14,38532.3862309241
2020-01-15,38481.69503584573
2020-01-16,38890.034282557244
2020-01-17,39079.242545454676
2020-01-21,38958.89726650402
2020-01-22,39078.01403320449
2020-01-23,39147.63923343854
2020-01-24,38811.16446230026
2020-01-27,38035.808396426684
2020-01-28,38621.47557770924
2020-01-29,38654.34370268115
2020-01-30,38973.62656633999
2020-01-31,38139.37307540973
2020-02-03,38488.64907223394
2020-02-04,38990.423785867046
2020-02-05,39162.44467794699
2020-02-06,39398.075508257425
2020-02-07,39179.51820731625
2020-02-10,39563.71246495377
2020-02-11,39569.49185016744
2020-02-12,39850.294403653126
2020-02-13,39945.96193134407
2020-02-14,40131.30279440044
2020-02-18,40198.706907274485
2020-02-19,40341.39709067383
2020-02-20,40124.47047777453
2020-02-21,39543.0778944086
2020-02-24,38336.302056042616
2020-02-25,37311.5640742691
2020-02-26,37306.16680490057
2020-02-27,35453.37011209812
2020-02-28,35157.883167372514
2020-03-02,37130.12315123324
2020-03-03,36110.95584071537
2020-03-04,37812.83220679296
2020-03-05,36837.687619445576
2020-03-06,36271.12407256925
2020-03-09,33855.79727307937
2020-03-10,35327.93338682433
2020-03-11,33666.73498775053
2020-03-12,30409.660791208036
2020-03-13,33009.82791744294
2020-03-16,28922.055716614883
2020-03-17,31542.947252509308
2020-03-18,30369.293002468883
2020-03-19,29877.486699138586
2020-03-20,28240.963800748825
2020-03-23,27681.409001118285
2020-03-24,30332.85560059629
2020-03-25,30503.007589654695
2020-03-26,32534.836508071396
2020-03-27,31730.456790650063
2020-03-30,32951.94689422981
2020-03-31,32209.71507127145
2020-04-01,32211.469336240996
2020-04-02,32216.76186171646
2020-04-03,32240.5652138884
2020-04-06,32095.147339134768
2020-04-07,31952.372178264057
2020-04-08,31912.707810988177
2020-04-09,31981.451494589008
2020-04-13,31912.707810988177
2020-04-14,31955.012526243765
2020-04-15,32240.565213888396
2020-04-16,32274.92759207598
2020-04-17,32190.32289337121
2020-04-20,32274.92759207598
2020-04-21,32364.829548062626
2020-04-22,32264.3567365443
2020-04-23,32285.510277123703
2020-04-24,32293.438418772465
2020-04-27,32121.581575673594
2020-04-28,32261.716388564593
2020-04-29,32245.84117804141
2020-04-30,32169.169352791818
2020-05-01,31242.73886036354
2020-05-04,31497.0474391177
2020-05-05,31988.23603294794
2020-05-06,32031.112850913814
2020-05-07,32327.62030347119
2020-05-08,32688.912221719438
2020-05-11,33046.175316349225
2020-05-12,32420.344992617232
2020-05-13,31981.678709299547
2020-05-14,32355.4142958101
2020-05-15,32570.910317120542
2020-05-18,33128.92424681701
2020-05-19,32927.826659925544
2020-05-20,33400.59602357854
2020-05-21,33041.77910431892
2020-05-22,33143.163932123105
2020-05-26,33081.92603363075
2020-05-27,33319.25028349986
2020-05-28,33427.82982606425
2020-05-29,33866.261902143044
2020-06-01,33784.88796110703
2020-06-02,34031.36077832231
2020-06-03,34148.630619845986
2020-06-04,33885.05514137228
2020-06-05,34588.57978764189
2020-06-08,34815.3485270002
2020-06-09,34833.47699200772
2020-06-10,35148.66237189717
2020-06-11,33244.75033358197
2020-06-12,33548.23240459457
2020-06-15,33817.49026901636
2020-06-16,34529.132164825365
2020-06-17,34551.89122425433
2020-06-18,34595.686675570934
2020-06-19,34625.20254091871
2020-06-22,34936.784720001335
2020-06-23,35170.0821282732
2020-06-24,34357.95044197223
2020-06-25,34726.152041122834
2020-06-26,34084.101153490454
2020-06-29,34434.74737129952
2020-06-30,35061.47834019978
2020-07-01,35287.84559177885
2020-07-02,35482.73150597012
2020-07-06,36260.61215409657
2020-07-07,35861.33039387041
2020-07-08,36341.21970277782
2020-07-09,36473.34259240521
2020-07-10,36697.8670910997
2020-07-13,36037.62781803082
2020-07-14,36380.67922306712
2020-07-15,36644.4019015603
2020-07-16,36377.523358697144
2020-07-17,36394.06771871524
2020-07-20,37242.228886900746
2020-07-21,37007.3990653277
2020-07-22,37255.780469959915
2020-07-23,36422.57544990458
2020-07-24,36181.74379231547
2020-07-27,36661.99738717118
2020-07-28,36242.572612637916
2020-07-29,36679.401376272996
2020-07-30,36802.0272631397
2020-07-31,37391.137888466226
2020-08-03,37840.09183766527
2020-08-04,38020.73619658018
2020-08-05,38253.55382886343
2020-08-06,38663.793581596336
2020-08-07,38342.35223911376
2020-08-10,38404.73408143656
2020-08-11,37906.77329822811
2020-08-12,38679.15145360442
2020-08-13,38708.82845075552
2020-08-14,38683.711985922266
2020-08-17,39085.6191852015
2020-08-18,39340.5062971616
2020-08-19,39174.51109490617
2020-08-20,39509.75632289553
2020-08-21,39836.31419529246
2020-08-24,40235.733338458194
2020-08-25,40453.108212899104
2020-08-26,41148.05616021481
2020-08-27,41042.65700066547
2020-08-28,41321.78058684896
2020-08-31,41435.78037849505
2020-09-01,42080.15750242194
2020-09-02,42531.97493860559
2020-09-03,40555.18802607289
2020-09-04,40030.41016210575
2020-09-08,38610.83846225581
2020-09-09,39651.6812072692
2020-09-10,38900.32788748545
2020-09-11,38730.79649544259
2020-09-14,39363.49587642944
2020-09-15,39786.72069332689
2020-09-16,39296.311194951515
2020-09-17,38799.073390167236
2020-09-18,38231.188150495815
2020-09-21,38183.61101711922
2020-09-22,38890.50064759063
2020-09-23,37877.999623074764
2020-09-24,38002.20016499107
2020-09-25,38764.44742318707
2020-09-28,39550.28984672002
2020-09-29,39344.27433352579
2020-09-30,39651.071667689546
2020-10-01,40172.81583817217
2020-10-02,39399.93914528266
2020-10-05,40141.5790622123
2020-10-06,39447.83856050238
2020-10-07,40216.905956211944
2020-10-08,40445.699329122486
2020-10-09,40998.17469088249
2020-10-12,41974.78130499005
2020-10-13,41882.07815521624
2020-10-14,41536.973981413335
2020-10-15,41433.00624677277
2020-10-16,41192.160054260145
2020-10-19,40547.445743912416
2020-10-20,40731.43464234891
2020-10-21,40626.396255512256
2020-10-22,40590.001658494686
2020-10-23,40720.48383669999
2020-10-26,39961.56160604005
2020-10-27,40126.03576414399
2020-10-28,38614.451521213174
2020-10-29,39135.76373887133
2020-10-30,38231.35480643833
2020-11-02,38382.85037152954
2020-11-03,39111.46197932815
2020-11-04,40477.90766453718
2020-11-05,41511.84774589756
2020-11-06,41529.76582369266
2020-11-09,41101.385143001
2020-11-10,40551.96335141069
2020-11-11,41293.510430601054
2020-11-12,40921.94696649978
2020-11-13,41378.696143021465
2020-11-16,41800.14233194039
2020-11-17,41619.36542704878
2020-11-18,41273.63207097962
2020-11-19,41560.13826936023
2020-11-20,41250.06137287369
2020-11-23,41398.30026924787
2020-11-24,41989.24948546991
2020-11-25,42122.04249590618
2020-11-27,42356.44691865753
2020-11-30,42393.966794313164
2020-12-01,42853.949238323934
2020-12-02,42667.49421258112
2020-12-03,42580.14575664374
2020-12-04,43066.612030460616
2020-12-07,43094.907456567584
2020-12-08,43270.69884273177
2020-12-09,42675.78920235909
2020-12-10,42666.27002625358
2020-12-11,42523.311964373795
2020-12-14,42497.537385960975
2020-12-15,43142.163665837266
2020-12-16,43278.407020612714
2020-12-17,43653.27997143795
2020-12-18,43623.19540029972
2020-12-21,43533.42316393904
2020-12-22,43609.305381054146
2020-12-23,43446.29608317244
2020-12-24,43697.831347020096
2020-12-28,43952.44660844236
2020-12-29,43861.03672570509
2020-12-30,44055.05372712453
2020-12-31,44169.694820141995
2021-01-04,43581.40005083481
2021-01-05,44121.63979764384
2021-01-06,44266.13107578756
2021-01-07,45131.03167154238
2021-01-08,45349.325931695064
2021-01-11,45006.04321557155
2021-01-12,45100.66059863062
2021-01-13,45144.41429008806
2021-01-14,44880.8485502162
2021-01-15,44395.59493741272
2021-01-19,44855.37426267386
2021-01-20,45549.13564848327
2021-01-21,45644.48402908159
2021-01-22,45469.17917203398
2021-01-25,45641.650865898984
2021-01-26,45464.39922272295
2021-01-27,44309.336016340945
2021-01-28,44711.81578090447
2021-01-29,43757.58726802438
2021-02-01,44806.667054251084
2021-02-02,45569.801129470936
2021-02-03,45372.36943214033
2021-02-04,45953.83382528629
2021-02-05,46118.26043059218
2021-02-08,46470.03651048573
2021-02-09,46362.809338230676
2021-02-10,46152.43614083848
2021-02-11,46363.85770608949
2021-02-12,46551.62800943634
2021-02-16,46391.85618535086
2021-02-17,46270.43979056556
2021-02-18,46132.05344938611
2021-02-19,45953.19006335671
2021-02-22,44895.09568828898
2021-02-23,44710.67983877304
2021-02-24,45217.86438452149
2021-02-25,43604.74130248174
2021-02-26,43803.4359981275
2021-03-01,44957.933193775425
2021-03-02,44581.70494432459
2021-03-03,44484.60646878064
2021-03-04,44427.48764026031
2021-03-05,45486.74774642321
2021-03-08,45279.48221401119
2021-03-09,45473.13798711847
2021-03-10,46122.90859112457
2021-03-11,46438.21991846819
2021-03-12,46501.8940841412
2021-03-15,46401.8232299262
2021-03-16,45884.64606216245
2021-03-17,46169.36487219415
2021-03-18,45086.817356405685
2021-03-19,44969.189976471505
2021-03-22,44913.397457462124
2021-03-23,44419.867287503905
2021-03-24,44595.21368078951
2021-03-25,44874.179544382816
2021-03-26,45703.664049141575
2021-03-29,45385.096327561114
2021-03-30,45284.974800632706
2021-03-31,45297.68414283938
2021-04-01,45939.516848546926
2021-04-05,45883.01017436183
2021-04-06,45845.91306397733
2021-04-07,45710.500850300086
2021-04-08,45535.69316084047
2021-04-09,45698.198955293235
2021-04-12,45696.374116807165
2021-04-13,45533.87395417249
2021-04-14,46156.666203741544
2021-04-15,46199.49804940246
2021-04-16,46372.61146147955
2021-04-19,46241.91696381019
2021-04-20,45397.6639470332
2021-04-21,46075.07588290416
2021-04-22,45464.94445265326
2021-04-23,46135.88134589303
2021-04-26,46391.1408788824
2021-04-27,46659.64897187681
2021-04-28,47299.68530404268
2021-04-29,47854.93375978452
2021-04-30,47143.28127225781
2021-05-03,47752.119217606916
2021-05-04,47957.76114433725
2021-05-05,48620.06952165101
2021-05-06,49056.977103129335
2021-05-07,49608.27133389499
2021-05-10,49617.008403606
2021-05-11,48653.36967130336
2021-05-12,48176.02976908672
2021-05-13,48539.4066236458
2021-05-14,49521.49866345801
2021-05-17,49884.22345691365
2021-05-18,49024.082761864374
2021-05-19,48424.969931470616
2021-05-20,48445.169037848005
2021-05-21,48718.62007342833
2021-05-24,49059.16451331293
2021-05-25,48513.53968799502
2021-05-26,48756.89322931878
2021-05-27,49178.33714151045
2021-05-28,49240.04941154865
2021-06-01,49566.73306461045
2021-06-02,49407.52227646171
2021-06-03,49406.49323632234
2021-06-04,49538.40682229096
2021-06-07,49115.680657381534
2021-06-08,49145.26925854233
2021-06-09,48695.39177743909
2021-06-10,48328.720433045666
2021-06-11,48525.15923406008
2021-06-14,48084.66765052029
2021-06-15,48149.37755347334
2021-06-16,47802.39483263288
2021-06-17,46730.627068277994
2021-06-18,45900.599284716576
2021-06-21,46911.8761680327
2021-06-22,47017.8313248967
2021-06-23,46912.023968438545
2021-06-24,47278.83493655938
2021-06-25,47501.629893717174
2021-06-28,47302.32758001426
2021-06-29,47207.760776154224
2021-06-30,47441.19255706334
2021-07-01,47831.43417842033
2021-07-02,47890.68297112715
2021-07-06,47081.60450200004
2021-07-07,46825.109730071315
2021-07-08,46250.525774108595
2021-07-09,47160.4479324103
2021-07-12,47402.49445056796
2021-07-13,47071.874137406856
2021-07-14,46520.251323521654
2021-07-15,46244.7983962561
2021-07-16,45500.79831488414
2021-07-19,44310.092970360136
2021-07-20,45041.16658849356
2021-07-21,45948.49594048729
2021-07-22,45662.87810880177
2021-07-23,46009.19810719113
2021-07-26,46556.28865512896
2021-07-27,46223.555965840525
2021-07-28,46463.94271455488
2021-07-29,46616.87912974528
2021-07-30,46194.15440868418
2021-08-02,46046.18254916806
2021-08-03,46247.77483184568
2021-08-04,46192.79602152083
2021-08-05,46620.18490613385
2021-08-06,46921.21884417069
2021-08-09,46883.71232771602
2021-08-10,46966.248892223135
2021-08-11,47178.10435932611
2021-08-12,47325.19002461655
2021-08-13,47302.951403616964
2021-08-16,47359.824412931746
2021-08-17,46987.53389557441
2021-08-18,46459.41976378317
2021-08-19,46497.93888998751
2021-08-20,46926.86663595236
2021-08-23,47446.47507306397
2021-08-24,47575.157339066376
2021-08-25,47777.303352099545
2021-08-26,47460.77434844687
2021-08-27,48073.439759151435
2021-08-30,48129.56941954208
2021-08-31,48084.50740892603
2021-09-01,48208.007217024926
2021-09-02,48321.7324840884
2021-09-03,48284.75096692758
2021-09-07,48013.20179640356
2021-09-08,48010.20541884786
2021-09-09,47656.352394407615
2021-09-10,47181.35736602698
2021-09-13,47453.600364384474
2021-09-14,47187.602584600194
2021-09-15,47536.536692542206
2021-09-16,47529.752289060925
2021-09-17,47067.55477793655
2021-09-20,46310.40597379219
2021-09-21,46298.698279950986
2021-09-22,46898.26894453625
2021-09-23,47413.97231001781
2021-09-24,47327.84580579818
2021-09-27,47128.306070094746
2021-09-28,46309.190733628726
2021-09-29,46401.61714023379
2021-09-30,45800.62081587032
2021-10-01,46668.280825960996
2021-10-04,46805.29489029615
2021-10-05,47080.407501038906
2021-10-06,47082.51617845102
2021-10-07,47314.47678539374
2021-10-08,47706.00383024207
2021-10-11,47509.42075892858
2021-10-12,47686.938513727655
2021-10-13,47673.315975356134
2021-10-14,48356.80831241221
2021-10-15,48683.05131625058
2021-10-18,48726.5730030431
2021-10-19,49144.58362689386
2021-10-20,49658.811919670494
2021-10-21,49335.824978954486
2021-10-22,49838.48348551899
2021-10-25,50110.48599295469
2021-10-26,50296.25032947174
2021-10-27,49415.521931101
2021-10-28,49976.95889455776
2021-10-29,49601.955920332584
2021-11-01,49803.935850245536
2021-11-02,49835.12100276568
2021-11-03,49856.124969711214
2021-11-04,49921.91555515037
2021-11-05,50233.3447629178
2021-11-08,50567.91087493304
2021-11-09,50475.333681518074
2021-11-10,49723.67856706044
2021-11-11,49910.33166227705
2021-11-12,50109.62996420359
2021-11-15,50231.9792083614
2021-11-16,50417.57910238173
2021-11-17,49916.75301585525
2021-11-18,49899.97375894974
2021-11-19,49190.87094913948
2021-11-22,49530.096889627326
2021-11-23,50258.178719273295
2021-11-24,50506.17587466601
2021-11-26,48850.13336521419
2021-11-29,49401.389602471216
2021-11-30,48484.26256900942
2021-12-01,47735.84651875367
2021-12-02,48571.38330947996
2021-12-03,47857.4147612239
2021-12-06,48428.49702071989
2021-12-07,49746.519673520124
2021-12-08,49861.28249126789
2021-12-09,49266.213734171506
2021-12-10,49831.66829352437
2021-12-13,48695.46085691394
2021-12-14,48267.45813521958
2021-12-15,48819.6024758387
2021-12-16,48102.297180131805
2021-12-17,47559.3658029167
2021-12-20,46918.47740656362
2021-12-21,48164.900903514004
2021-12-22,48770.75977749456
2021-12-23,49095.91030385827
2021-12-27,49964.17021854607
2021-12-28,49872.86244616134
2021-12-29,49813.498152521905
2021-12-30,49542.88942523342
2021-12-31,49464.83098692973
2022-01-03,49912.89247747879
2022-01-04,50247.467552941234
2022-01-05,49185.82718039317
2022-01-06,49488.55094723226
2022-01-07,49476.53400459524
2022-01-10,49331.36197933694
2022-01-11,50061.003453545905
2022-01-12,50215.53080536582
2022-01-13,49639.450667652614
2022-01-14,49974.87293212588
2022-01-18,49528.196101151705
2022-01-19,48964.3420559205
2022-01-20,48459.0033769325
2022-01-21,47808.13091145832
2022-01-24,48031.90441636016
2022-01-25,48238.46458525716
2022-01-26,48038.169497460134
2022-01-27,47813.81257205625
2022-01-28,48996.078536652305
2022-01-31,49660.00065686344
2022-02-01,50329.140654702955
2022-02-02,50698.71791552739
2022-02-03,50356.23365862868
2022-02-04,50698.37019808474
2022-02-07,50995.95774105929
2022-02-08,50932.067955791914
2022-02-09,51186.48515075947
2022-02-10,50746.98670633635
2022-02-11,50941.47970045693
2022-02-14,50303.24910339086
2022-02-15,50385.00710892298
2022-02-16,50564.590900817806
2022-02-17,50248.40720815805
2022-02-18,50172.29700797606
2022-02-22,49686.88740973754
2022-02-23,49435.03671765463
2022-02-24,48824.13954653614
2022-02-25,50302.024135198546
2022-02-28,50244.041110487786
2022-03-01,50101.776235647
2022-03-02,50864.16718941482
2022-03-03,51346.61729622885
2022-03-04,52220.320382411366
2022-03-07,52386.4455847189
2022-03-08,51919.828180810364
2022-03-09,51385.449893088866
2022-03-10,51862.255870169225
2022-03-11,51464.29061464426
2022-03-14,51022.634521540735
2022-03-15,50998.65882655137
2022-03-16,50908.05864569129
2022-03-17,51681.28918421426
2022-03-18,51557.419959817875
2022-03-21,52387.134642792196
2022-03-22,52413.22215269526
2022-03-23,52597.70309052739
2022-03-24,52944.64640657874
2022-03-25,53734.5543652522
2022-03-28,53480.69326048946
2022-03-29,53758.28051230236
2022-03-30,54126.12488356516
2022-03-31,53819.60253688099
2022-04-01,54499.33452272941
2022-04-04,54328.0555616429
2022-04-05,54172.419789705375
2022-04-06,54906.783838493095
2022-04-07,54950.73124685585
2022-04-08,55583.51375435892
2022-04-11,54520.28907027242
2022-04-12,54835.63013640785
2022-04-13,55147.212535366976
2022-04-14,55111.966541648755
2022-04-18,55236.94900338407
2022-04-19,55592.29306388699
2022-04-20,56165.36733976557
2022-04-21,55139.51429428125
2022-04-22,54051.92583491151
2022-04-25,53248.387513536574
2022-04-26,52816.229610195085
2022-04-27,52883.98042771595
2022-04-28,53937.70010880499
2022-04-29,52071.071690337354
2022-05-02,51873.129051801276
2022-05-03,52374.32458511974
2022-05-04,53882.06158553908
2022-05-05,53087.93969889684
2022-05-06,53774.6561679301
2022-05-09,52150.665583120855
2022-05-10,51977.217138850014
2022-05-11,52259.45712259847
2022-05-12,52152.88139147918
2022-05-13,53215.412927244666
2022-05-16,53818.456303298226
2022-05-17,54088.44856559004
2022-05-18,52291.76911278799
2022-05-19,51880.694263670644
2022-05-20,52040.15032690668
2022-05-23,53064.54041284165
2022-05-24,53774.506249688
2022-05-25,54137.48415946211
2022-05-26,54579.93782791834
2022-05-27,55408.08832127599
2022-05-31,54745.247938945686
2022-06-01,54677.74497899105
2022-06-02,54886.99620916316
2022-06-03,54826.66228003283
2022-06-06,54890.170327189706
2022-06-07,55784.95510268518
2022-06-08,55314.488793743236
2022-06-09,54046.98910765758
2022-06-10,53314.13736118327
2022-06-13,51031.38353752318
2022-06-14,50471.72092741606
2022-06-15,50379.591387304914
2022-06-16,48862.38032685157
2022-06-17,47810.724572140694
2022-06-21,49368.75204985641
2022-06-22,49111.31846065659
2022-06-23,49257.31448038693
2022-06-24,50031.64483893694
2022-06-27,50718.13704623214
2022-06-28,50816.87752096404
2022-06-29,50387.997492126306
2022-06-30,50182.4784062129
2022-07-01,50809.133278365975
2022-07-05,49559.58206943706
2022-07-06,49448.92395682699
2022-07-07,50026.73202101915
2022-07-08,49964.923338044864
2022-07-11,49910.263609054455
2022-07-12,49505.408019617
2022-07-13,49410.617767332464
2022-07-14,49099.359134211554
2022-07-15,49396.66506027781
2022-07-18,49544.60932919968
2022-07-19,50158.67794958352
2022-07-20,50098.323857439354
2022-07-21,49849.596217885715
2022-07-22,49940.993900581
2022-07-25,50760.25989766747
2022-07-26,50707.6485925994
2022-07-27,51103.560998283945
2022-07-28,51810.59254299359
2022-07-29,52708.05931411925
2022-08-01,52199.25311956793
2022-08-02,52060.98937496301
2022-08-03,51829.78044170595
2022-08-04,51141.26176299309
2022-08-05,51410.79305090836
2022-08-08,51565.7165740588
2022-08-09,52007.27967419256
2022-08-10,52397.34615430191
2022-08-11,52882.7367940261
2022-08-12,53529.29921800234
2022-08-15,53419.72277950906
2022-08-16,53380.966787500816
2022-08-17,53395.872670316436
2022-08-18,53861.96059824057
2022-08-19,53896.959861476134
2022-08-22,53382.770340686046
2022-08-23,53669.42405425582
2022-08-24,53967.803216115
2022-08-25,54415.479287814574
2022-08-26,53419.4371800954
2022-08-29,53617.71103722374
2022-08-30,52631.968759023206
2022-08-31,52245.488563192375
2022-09-01,52095.90872726183
2022-09-02,52001.09905058066
2022-09-06,51786.89136926312
2022-09-07,52437.551464706194
2022-09-08,52454.644231010134
2022-09-09,53132.60279489379
2022-09-12,53696.60758078091
2022-09-13,52170.97107409046
2022-09-14,52796.710494476996
2022-09-15,51757.57960515721
2022-09-16,51366.08554968575
2022-09-19,51719.42448524259
2022-09-20,51254.590943274576
2022-09-21,50705.56693587953
2022-09-22,50561.272820464284
2022-09-23,48917.55356607529
2022-09-26,48135.95481134526
2022-09-27,47767.97846847247
2022-09-28,48835.91411480319
2022-09-29,47914.514201800484
2022-09-30,47200.96129366336
2022-10-03,48025.983006942035
2022-10-04,48713.96699733051
2022-10-05,49049.528946258826
2022-10-06,49340.19288357226
2022-10-07,49212.51477131634
2022-10-10,48875.60638376735
2022-10-11,48745.46642262114
2022-10-12,48876.3050057882
2022-10-13,49541.24664289629
2022-10-14,48925.37080920616
2022-10-17,49128.515775337124
2022-10-18,49271.56579150646
2022-10-19,49756.32974459602
2022-10-20,49772.04849641897
2022-10-21,50251.1720471289
2022-10-24,50330.17477053948
2022-10-25,50347.467016388786
2022-10-26,50575.88907687466
2022-10-27,50636.7652163136
2022-10-28,50695.597775048605
2022-10-31,50837.59830089433
2022-11-01,50977.61885774941
2022-11-02,50278.97496551434
2022-11-03,50518.31794181674
2022-11-04,50825.71761649733
2022-11-07,51298.00226876144
2022-11-08,51399.901053210946
2022-11-09,50377.98857307663
2022-11-10,51178.37840150732
2022-11-11,51465.29936085511
2022-11-14,51475.23104892397
2022-11-15,51633.960654664435
2022-11-16,51274.94863721319
2022-11-17,51304.331190625766
2022-11-18,51376.24073969591
2022-11-21,51152.12457610574
2022-11-22,51834.13701405417
2022-11-23,51715.63689751308
2022-11-25,51754.49308073944
2022-11-28,51151.71869627414
2022-11-29,51366.7552167982
2022-11-30,51860.280704844066
2022-12-01,51740.2122726196
2022-12-02,51760.80130650225
2022-12-05,50866.57243079509
2022-12-06,50186.454383079086
2022-12-07,50355.505813471966
2022-12-08,50522.50652138374
2022-12-09,49767.51177399163
2022-12-12,50554.5236377614
2022-12-13,50902.07266821505
2022-12-14,50813.66692146659
2022-12-15,50112.73884298504
2022-12-16,49582.30648931069
2022-12-19,49508.16062787067
2022-12-20,49740.19926660095
2022-12-21,50438.773497651695
2022-12-22,49989.76630102059
2022-12-23,50617.741716602446
2022-12-27,50835.38274097489
2022-12-28,50135.294470950306
2022-12-29,50563.97886492123
2022-12-30,50526.81710566775
2023-01-03,49856.79194764082
2023-01-04,50045.89067156289
2023-01-05,49999.81762495558
2023-01-06,50926.15330955738
2023-01-09,50506.321988737924
2023-01-10,50859.48044518546
2023-01-11,51170.15435409902
2023-01-12,51541.4008387681
2023-01-13,51622.60847974326
2023-01-17,51432.80686166507
2023-01-18,50555.041919623836
2023-01-19,50458.5219109118
2023-01-20,50944.48127897295
2023-01-23,51210.6124720518
2023-01-24,51144.19070596104
2023-01-25,51056.41105633602
2023-01-26,51719.09862943291
2023-01-27,51325.620152231095
2023-01-30,50611.68684689522
2023-01-31,51265.4074442148
2023-02-01,51098.053635829114
2023-02-02,50788.5748933291
2023-02-03,50357.86322712519
2023-02-06,50055.75128150149
2023-02-07,50874.39501877766
2023-02-08,50491.28362338298
2023-02-09,49952.27966182408
2023-02-10,50783.752905036905
2023-02-13,50983.46243900536
2023-02-14,50982.112430376204
2023-02-15,50873.08355991521
2023-02-16,50338.88338439753
2023-02-17,49693.72354066415
2023-02-21,48958.9256328694
2023-02-22,48932.15161045961
2023-02-23,49272.80510383103
2023-02-24,49267.04941801437
2023-02-27,49515.86185370967
2023-02-28,49316.170815228324
2023-03-01,49833.95971708454
2023-03-02,50364.28951427309
2023-03-03,51013.66004337842
2023-03-06,50714.91861568733
2023-03-07,49870.201640585416
2023-03-08,49820.22097685778
2023-03-09,48913.212390850735
2023-03-10,48053.94512793051
2023-03-13,47473.75696042978
2023-03-14,47999.79308471561
2023-03-15,46227.98017851707
2023-03-16,46770.602410844884
2023-03-17,46028.10774452345
2023-03-20,46854.15916785954
2023-03-21,47765.06552210905
2023-03-22,46838.52448299757
2023-03-23,46558.63949501167
2023-03-24,46809.26080037461
2023-03-27,47388.00474304333
2023-03-28,47788.59236305131
2023-03-29,48462.64957406835
2023-03-30,48678.35562339848
2023-03-31,49269.00175737298
2023-04-03,49073.89497316611
2023-04-04,48979.239819669296
2023-04-05,48578.73626692631
2023-04-06,48982.78465455955
2023-04-10,48928.76371332021
2023-04-11,48629.228799118006
2023-04-12,48225.1885677944
2023-04-13,49174.14789259755
2023-04-14,49046.785647033525
2023-04-17,49026.181559792516
2023-04-18,48994.34184063412
2023-04-19,48817.09218794158
2023-04-20,48418.2467477727
2023-04-21,48422.098282086794
2023-04-24,48300.6616767514
2023-04-25,47401.85963130824
2023-04-26,47565.431694250954
2023-04-27,49253.80918455052
2023-04-28,49686.31032958343
2023-05-01,49674.42488319207
2023-05-02,49068.422169213
2023-05-03,48759.55037349056
2023-05-04,48363.3943443814
2023-05-05,49311.812153889725
2023-05-08,49510.09944719913
2023-05-09,49175.30329504614
2023-05-10,49699.227510355086
2023-05-11,49844.51169539056
2023-05-12,49776.85203193308
2023-05-15,50081.90672555149
2023-05-16,50098.87875351974
2023-05-17,50726.96669047753
2023-05-18,51690.99683986776
2023-05-19,51552.415295572435
2023-05-22,51799.560152160484
2023-05-23,51111.15637936759
2023-05-24,50820.87741901189
2023-05-25,51882.98634679806
2023-05-26,53167.98735896974
2023-05-30,53371.51998291845
2023-05-31,53116.443043579806
2023-06-01,53739.922206639836
2023-06-02,53999.52767711069
2023-06-05,53954.27954653867
2023-06-06,54020.755311120636
2023-06-07,53244.99775752327
2023-06-08,53747.88014764786
2023-06-09,53910.97157268011
2023-06-12,54818.61914186793
2023-06-13,55129.97935735049
2023-06-14,55484.56209651056
2023-06-15,56236.57352802673
2023-06-16,55809.00762917349
2023-06-20,55566.02304823977
2023-06-21,54855.30989981382
2023-06-22,55363.77688096574
2023-06-23,54940.34595721473
2023-06-26,54380.491258228634
2023-06-27,55355.25040498666
2023-06-28,55485.042343447945
2023-06-29,55380.557733120564
2023-06-30,56144.84786002714
2023-07-03,56299.85642377912
2023-07-05,56191.24988348825
2023-07-06,55696.858047284244
2023-07-07,55577.290143667444
2023-07-10,55688.934213616354
2023-07-11,55975.810393862266
2023-07-12,56590.69950070124
2023-07-13,57333.90337949579
2023-07-14,57350.96911323208
2023-07-17,57851.49865503189
2023-07-18,58306.85048707081
2023-07-19,58322.12799541091
2023-07-20,56823.423967505936
2023-07-21,56761.36969571284
2023-07-24,56948.82754653934
2023-07-25,57250.700313024616
2023-07-26,56926.13132697236
2023-07-27,56629.169567173674
2023-07-28,57549.99489038083
2023-07-31,57713.02328337994
2023-08-01,57598.68611092851
2023-08-02,56341.83632522721
2023-08-03,56187.845613121295
2023-08-04,55803.64119707311
2023-08-07,56301.651706500015
2023-08-08,55945.413803579155
2023-08-09,55299.138760923546
2023-08-10,55398.47752094756
2023-08-11,55056.933444118484
2023-08-14,55689.36437975177
2023-08-15,55144.80512996494
2023-08-16,54555.53346741079
2023-08-17,53975.375077929115
2023-08-18,53872.89271223741
2023-08-21,54634.863729092474
2023-08-22,54588.25115544617
2023-08-23,55497.84965381564
2023-08-24,54320.45471640334
2023-08-25,54664.52452913996
2023-08-28,55173.688521198324
2023-08-29,56352.57457482448
2023-08-30,56601.93585841983
2023-08-31,56769.767313941375
2023-09-01,56631.89300047439
2023-09-05,56720.577235442026
2023-09-06,56294.92635835572
2023-09-07,55855.701136565396
2023-09-08,55976.37579648542
2023-09-11,56574.857854635586
2023-09-12,55826.74765487192
2023-09-13,56005.418267013534
2023-09-14,56553.52168418252
2023-09-15,55617.68130074111
2023-09-18,55739.32222792932
2023-09-19,55703.62568675866
2023-09-20,54890.957322263595
2023-09-21,54051.16402593264
2023-09-22,54070.18310111523
2023-09-25,54257.83733090164
2023-09-26,53459.879636114296
2023-09-27,53575.71517837738
2023-09-28,54048.85712386135
2023-09-29,54022.604252908044
2023-10-02,53876.93275223664
2023-10-03,53307.640118821
2023-10-04,53160.51950054694
2023-10-05,52974.543113396394
2023-10-06,53701.30703317344
2023-10-09,54582.377224214106
2023-10-10,54810.652579619986
2023-10-11,54872.73336555244
2023-10-12,54614.21415992799
2023-10-13,54582.215866282284
2023-10-16,55202.752963573905
2023-10-17,55399.066250397314
2023-10-18,55006.38941884855
2023-10-19,54783.83670977967
2023-10-20,54036.43765576741
2023-10-23,53894.20606892446
2023-10-24,54028.31970631534
2023-10-25,52774.72472219651
2023-10-26,51919.21913483974
2023-10-27,51524.303979191965
2023-10-30,52128.49848524672
2023-10-31,52357.95141548293
2023-11-01,53183.371137720096
2023-11-02,54040.14669994513
2023-11-03,54713.32832926346
2023-11-06,54859.12892357002
2023-11-07,55329.580608105076
2023-11-08,55358.80069731091
2023-11-09,55125.24102062261
2023-11-10,56310.05352317826
2023-11-13,56100.61129520967
2023-11-14,57181.04890772409
2023-11-15,57312.815857841764
2023-11-16,57509.42856842872
2023-11-17,57471.39356355922
2023-11-20,58198.33516775581
2023-11-21,57863.01361764198
2023-11-22,58186.3499470623
2023-11-24,58055.834764893654
2023-11-27,57917.89918055931
2023-11-28,58051.68275012222
2023-11-29,57907.898823139374
2023-11-30,57774.787216165656
2023-12-01,57912.09098945108
2023-12-04,57304.50738918382
2023-12-05,57378.765107198175
2023-12-06,57056.38482923563
2023-12-07,57951.60081551023
2023-12-08,58293.473773314116
2023-12-11,58480.2600121554
2023-12-12,58845.751501666266
2023-12-13,59452.371546480106
2023-12-14,59473.13952617941
2023-12-15,59618.62655588269
2023-12-18,60048.39469130253
2023-12-19,60430.56673807891
2023-12-20,59671.15616839905
2023-12-21,60322.40348653645
2023-12-22,60381.457500171884
2023-12-26,60666.12687636523
2023-12-27,60709.028953604386
2023-12-28,60778.84151647927
2023-12-29,60507.30642884387
2024-01-02,59524.069235225565
2024-01-03,59037.79211463448
2024-01-04,58726.6371905657
2024-01-05,58826.397648645405
2024-01-08,60028.5591609421
2024-01-09,60058.87657755071
2024-01-10,60551.51518712518
2024-01-11,60630.469804543856
2024-01-12,60805.28169029994
2024-01-16,60738.581627922635
2024-01-17,60400.432200968564
2024-01-18,61340.27628608225
2024-01-19,62494.00633292816
2024-01-22,62654.544265353696
2024-01-23,63031.46137723883
2024-01-24,63423.14984655485
2024-01-25,63881.453815387744
2024-01-26,63578.16734294198
2024-01-29,64166.852928045766
2024-01-30,63703.26383890599
2024-01-31,62317.44063001931
2024-02-01,63037.2257979004
2024-02-02,64453.86303413896
2024-02-05,64172.91985543136
2024-02-06,63966.54410947027
2024-02-07,64576.91831237957
2024-02-08,64766.14194001646
2024-02-09,65293.752547409174
2024-02-12,65111.86843116813
2024-02-13,64098.98890937551
2024-02-14,64896.32193325062
2024-02-15,65092.088903953736
2024-02-16,64357.65111647037
2024-02-20,63944.958494766586
2024-02-21,63701.384168659184
2024-02-22,65336.05725320478
2024-02-23,65166.61800761858
2024-02-26,64860.26663418849
2024-02-27,65107.33207982638
2024-02-28,64741.45449737653
2024-02-29,65358.80214979806
2024-03-01,66265.89493610349
2024-03-04,65897.23785342863
2024-03-05,64785.07453458557
2024-03-06,65122.32549688023
2024-03-07,66145.82947220471
2024-03-08,65466.48179644139
2024-03-11,65284.345624140406
2024-03-12,66234.270683014
2024-03-13,65864.59972771192
2024-03-14,65761.49211779429
2024-03-15,64951.23770080432
2024-03-18,65708.77877983009
2024-03-19,65868.80720066598
2024-03-20,66633.34825681108
2024-03-21,66762.50305265523
2024-03-22,66841.71605393858
2024-03-25,66537.0739452598
2024-03-26,66327.54661345368
2024-03-27,66629.82892581756
2024-03-28,66505.70180514098
2024-04-01,66785.40148676424
2024-04-02,66343.85845048654
2024-04-03,66627.24825881537
2024-04-04,65636.02765670021
2024-04-05,66366.96572656078
2024-04-08,66350.46023100462
2024-04-09,66567.9472704471
2024-04-10,65927.75727903938
2024-04-11,66910.76315373923
2024-04-12,65827.3295535051
2024-04-15,64771.87907440872
2024-04-16,64727.00123784108
2024-04-17,64133.69268266138
2024-04-18,63871.92234783051
2024-04-19,62759.63033148042
2024-04-22,63185.86090090701
2024-04-23,64132.67815352422
2024-04-24,64315.92284427192
2024-04-25,63402.05521975924
2024-04-26,64549.53891528085
2024-04-29,64479.71353489273
2024-04-30,63242.75302537473
2024-05-01,62870.176685135826
2024-05-02,63310.593948891365
2024-05-03,63928.81897186554
2024-05-06,64650.7254297022
2024-05-07,64786.69912284066
2024-05-08,64852.55634253949
2024-05-09,65277.30781087915
2024-05-10,65427.76370694836
2024-05-13,65297.47794407288
2024-05-14,65541.97748373348
2024-05-15,66188.3994506126
2024-05-16,66012.19454275073
2024-05-17,66187.80805281393
2024-05-20,66082.73019615121
2024-05-21,66195.81460485887
2024-05-22,66092.34842380213
2024-05-23,65428.3737748576
2024-05-24,65877.40058676012
2024-05-28,65449.42035672532
2024-05-29,64811.91589562841
2024-05-30,64844.84656709774
2024-05-31,65382.792940275926
2024-06-03,64910.777975041565
2024-06-04,64885.233288369665
2024-06-05,65087.75348023841
2024-06-06,64865.316714619235
2024-06-07,64581.79336064045
2024-06-10,64829.3358632207
2024-06-11,64493.22400417897
2024-06-12,64286.07447179781
2024-06-13,64134.411802864706
2024-06-14,64083.25346140864
2024-06-17,64138.81867003213
2024-06-18,64157.170137583424
2024-06-20,64548.22649538648
2024-06-21,64479.098744806346
2024-06-24,65054.56799120788
2024-06-25,64930.077990608326
2024-06-26,64705.415938049206
2024-06-27,64839.70235053889
2024-06-28,64474.53918085889
2024-07-01,64500.25500168632
2024-07-02,65025.08488527874
2024-07-03,65505.71543997353
2024-07-05,66223.73239918341
2024-07-08,66228.23605906357
2024-07-09,66297.96930282016
2024-07-10,66988.43232032747
2024-07-11,65634.52900830143
2024-07-12,65887.7457536017
2024-07-15,66065.11881466515
2024-07-16,66058.68583024268
2024-07-17,64223.68896996161
2024-07-18,64111.77026790624
2024-07-19,63493.047037322234
2024-07-22,64399.03056318307
2024-07-23,64207.786814576706
2024-07-24,61995.11295374495
2024-07-25,61307.427983005975
2024-07-26,62159.374582289915
2024-07-29,62292.21510983596
2024-07-30,61568.99453879495
2024-07-31,63290.01786753781
2024-08-01,62482.632657677364
2024-08-02,61137.79481921947
2024-08-05,59354.64342982937
2024-08-06,60096.58305966897
2024-08-07,59797.939536102815
2024-08-08,61126.12992192934
2024-08-09,61493.04295319576
2024-08-12,61288.89613858799
2024-08-13,62230.904594708954
2024-08-14,62372.68726788492
2024-08-15,63278.94366670453
2024-08-16,63525.17714418465
2024-08-19,64160.008145113825
2024-08-20,64032.38435653914
2024-08-21,64188.465340936564
2024-08-22,63810.05999295244
2024-08-23,64373.5552767258
2024-08-26,64281.893861240314
2024-08-27,64407.61727633703
2024-08-28,64074.39522865668
2024-08-29,64189.13440629136
2024-08-30,64790.29498246647
2024-09-03,64475.81163053911
2024-09-04,64732.09911102546
2024-09-05,64382.17306214864
2024-09-06,63862.655584727174
2024-09-09,64649.51855184752
2024-09-10,64910.88439858237
2024-09-11,64818.37005777253
2024-09-12,64953.26358748005
2024-09-13,65475.7389613974
2024-09-16,65999.27735764756
2024-09-17,65925.09279124244
2024-09-18,65627.01550058367
2024-09-19,65687.20386341462
2024-09-20,66211.8229562716
2024-09-23,66648.30690832263
2024-09-24,66304.88208874321
2024-09-25,66195.21988191445
2024-09-26,65939.82628000043
2024-09-27,66251.1758453721
2024-09-30,66622.65849960921
2024-10-01,66549.52524469477
2024-10-02,66505.08701516596
2024-10-03,66163.55892626755
2024-10-04,66355.75649998759
2024-10-07,65413.08539012257
2024-10-08,65615.41287258052
2024-10-09,65640.93767703566
2024-10-10,65325.67087710942
2024-10-11,66159.73486099509
2024-10-14,66727.85907334478
2024-10-15,67154.91217416328
2024-10-16,68098.48801935068
2024-10-17,67811.86955035945
2024-10-18,68104.71866938475
2024-10-21,67368.0980353666
2024-10-22,67281.409547748
2024-10-23,67697.16929885106
2024-10-24,67621.60664129311
2024-10-25,66861.13226760886
2024-10-28,67383.82957894393
2024-10-29,66562.95707763032
2024-10-30,66690.1242854237
2024-10-31,66224.72215017326
2024-11-01,65807.47164661257
2024-11-04,65303.44953947482
2024-11-05,66073.88857009794
2024-11-06,67727.02184147183
2024-11-07,67699.08873836325
2024-11-08,68225.81938614993
2024-11-11,68740.3280635108
2024-11-12,68513.06323665827
2024-11-13,68495.50055057432
2024-11-14,68331.3456840798
2024-11-15,68323.06597128283
2024-11-18,68814.8419501679
2024-11-19,68960.24531662851
2024-11-20,69049.6392806763
2024-11-21,69683.55901155903
2024-11-22,69767.78699989492
2024-11-25,70081.9207078345
2024-11-26,70586.2031112544
2024-11-27,70663.4832011285
2024-11-29,70836.3241898993
2024-12-02,70907.52871179463
2024-12-03,70903.50708038796
2024-12-04,71088.24131450066
2024-12-05,71298.4395075235
2024-12-06,72012.688320515
2024-12-09,71096.418977456
2024-12-10,71502.33164697664
2024-12-11,72358.23613183653
2024-12-12,72096.75625189151
2024-12-13,71885.65945859262
2024-12-16,72259.29791382457
2024-12-17,71983.85307188668
2024-12-18,69499.4078336405
2024-12-19,69486.66036165599
2024-12-20,70015.53408955497
2024-12-23,70269.92413223238
2024-12-24,71309.1114746705
2024-12-26,71247.9858081056
2024-12-27,70470.43375480168
2024-12-30,69620.18922675941
2024-12-31,69393.24255673545
2025-01-02,69143.95343696677
2025-01-03,69934.15436357317
2025-01-06,70206.48904406025
2025-01-07,69440.12728978653
2025-01-08,69445.11670569448
2025-01-10,68314.14731320298
2025-01-13,68616.17553027689
2025-01-14,68778.66295403037
2025-01-15,70323.28766006362
2025-01-16,70219.99081277156
2025-01-17,70949.23895913173
2025-01-21,71534.01465113081
2025-01-22,71568.97568951001
2025-01-23,71912.86914762357
2025-01-24,72054.54142405714
2025-01-27,72580.2294090709
2025-01-28,72684.61377538579
2025-01-29,72704.18309178404
2025-01-30,73196.7130066774
2025-01-31,73045.65780513638
2025-02-03,72676.67372270736
2025-02-04,73122.69464503675
2025-02-05,72868.06135105461
2025-02-06,73270.86179668842
2025-02-07,72605.06299095374
2025-02-10,72604.55077159278
2025-02-11,72430.82575705582
2025-02-12,72367.88338380556
2025-02-13,73167.23609634662
2025-02-14,73352.79896757766
2025-02-18,73345.81731647628
2025-02-19,73369.14134946397
2025-02-20,72669.26882342205
2025-02-21,71398.77423577198
2025-02-24,71458.78991732224
2025-02-25,70976.23464438776
2025-02-26,70785.99990314139
2025-02-27,70347.6782766102
2025-02-28,71561.77796078435
2025-03-03,71060.34418901036
2025-03-04,69654.30507173411
2025-03-05,69924.5292299166
2025-03-06,68636.9004318792
2025-03-07,69088.51314742508
2025-03-10,68251.98080585073
2025-03-11,67510.18126561405
2025-03-12,67585.6044043467
2025-03-13,67055.22866977555
2025-03-14,68420.0841169885
2025-03-17,68946.37676679621
2025-03-18,68437.36827194878
2025-03-19,69043.87941555376
2025-03-20,69119.8718840947
2025-03-21,69068.89357898847
2025-03-24,69793.52754423225
2025-03-25,69846.06924603814
2025-03-26,69733.1660725714
2025-03-27,69577.7219978082
2025-03-28,68616.03376400095
2025-03-31,69319.69993326649
2025-04-01,69393.81874628655
2025-04-02,69724.70776345309
2025-04-03,66609.25139130747
2025-04-04,61706.681359698916
2025-04-07,61207.6808900594
2025-04-08,60573.6834344547
2025-04-09,64454.72278112883
2025-04-10,62289.59635280933
2025-04-11,63401.829644581994
2025-04-14,64073.570674980394
2025-04-15,64092.80968372337
2025-04-16,63741.50140798256
2025-04-17,64494.205058969485
2025-04-21,62962.88297831629
2025-04-22,64763.40860686932
2025-04-23,65071.30352642429
2025-04-24,65692.52515032618
2025-04-25,65481.359731538316
2025-04-28,65837.15847595768
2025-04-29,66171.59810041638
2025-04-30,65506.56603556072
2025-05-01,65590.27405497321
2025-05-02,66554.12938822716
2025-05-05,66408.20542320212
2025-05-06,66548.21947956814
2025-05-07,66701.54239974945
2025-05-08,66759.39673165555
2025-05-09,66684.381260346
2025-05-12,67463.7196007262
2025-05-13,67745.43044026231
2025-05-14,67701.5362559042
2025-05-15,68422.74854800888
2025-05-16,69051.42176870338
2025-05-19,69185.44524075395
2025-05-20,69070.82449290584
2025-05-21,68007.75438677293
2025-05-22,67607.65414290925
2025-05-23,67693.99365386512
2025-05-27,68627.64521728926
2025-05-28,68151.12359095612
2025-05-29,68242.85956930809
2025-05-30,68619.51700720996
2025-06-02,68813.87691914178
2025-06-03,68854.99926506498
2025-06-04,68470.41749893843
2025-06-05,68402.10514823532
2025-06-06,69078.9424137372
2025-06-09,68739.13005143053
2025-06-10,69110.31680603328
2025-06-11,69044.69729589213
2025-06-12,69136.21437165453
2025-06-13,68300.50721481767
2025-06-16,68839.01818109417
2025-06-17,68315.24786034747
2025-06-18,68376.7073823543
2025-06-20,68363.71397470131
2025-06-23,69228.09876901945
2025-06-24,69970.25483636817
2025-06-25,69577.36035892509
2025-06-26,70210.74997060972
2025-06-27,70599.54072217685
2025-06-30,71075.61920730871
2025-07-01,71022.6010205166
2025-07-02,70960.5001363685
2025-07-03,71547.76276464188
2025-07-07,71006.5193052469
2025-07-08,70740.324370002
2025-07-09,71052.71245762437
2025-07-10,71245.90515269642
2025-07-11,70759.45244633229
2025-07-14,71294.39977148555
2025-07-15,70474.24401818555
2025-07-16,70791.97084008693
2025-07-17,71319.02435687327
2025-07-18,71170.1670334633
2025-07-21,71294.36719946083
2025-07-22,71537.90844422535
2025-07-23,72286.37178116775
2025-07-24,72271.99818477735
2025-07-25,72454.57488668755
2025-07-28,72082.3954929181
2025-07-29,71479.94641850953
2025-07-30,71391.92357777596
2025-07-31,71459.09172373422
2025-08-01,69933.14300517151
2025-08-04,71051.45194942223
2025-08-05,70646.12446026978
2025-08-06,71226.43171521706
2025-08-07,71293.84198031183
2025-08-08,71771.82709515466
2025-08-11,71461.37294024299
2025-08-12,72376.81223904032
2025-08-13,72489.99164096985
2025-08-14,72205.09575412604
2025-08-15,71806.87115607136
2025-08-18,71942.55244822409
2025-08-19,71250.80086601939
2025-08-20,70927.1403147565
2025-08-21,70647.72616777128
2025-08-22,71714.74705429455
2025-08-25,71353.21166135742
2025-08-26,71802.45304324372
2025-08-27,71965.32120403828
2025-08-28,72347.36379773704
2025-08-29,71476.52916187474
2025-09-02,70900.99163250177
2025-09-03,71623.24657374839
2025-09-04,72172.57755529798
2025-09-05,72356.07771084779
2025-09-08,72681.82965508488
2025-09-09,72934.26913661238
2025-09-10,73203.97592329809
2025-09-11,73802.88560656439
2025-09-12,74100.25952385232
2025-09-15,74881.40255996257
2025-09-16,74672.87153974915
2025-09-17,74602.3904238461
2025-09-18,75275.13455556816
2025-09-19,75802.8229948683
2025-09-22,76236.0070864874
2025-09-23,75811.41425067534
2025-09-24,75357.53962582696
2025-09-25,75119.48393048154
2025-09-26,75541.99614839486
2025-09-29,75874.1395240136
2025-09-30,76043.0480057972
2025-10-01,76057.38130057932
2025-10-02,76242.30226304576
2025-10-03,75994.33616191843
2025-10-06,76466.92768288025
2025-10-07,76064.09941049664
2025-10-08,76694.55079884727
2025-10-09,76474.53298690286
2025-10-10,74081.95436957397
2025-10-13,75435.07139831538
2025-10-14,75110.5187305921
2025-10-15,75712.30882968716
2025-10-16,75368.50711647971
2025-10-17,75747.06774852076
2025-10-20,76632.51433265327
2025-10-21,76729.22539061295
2025-10-22,76008.57345057563
2025-10-23,76455.6030649898
2025-10-24,77189.90307049212
2025-10-27,78481.66078879198
2025-10-28,78812.3000771807
2025-10-29,79054.04020833495
2025-10-30,77880.71208575762
2025-10-31,78142.26874359485
2025-11-03,78096.67382469948
2025-11-04,76702.29718575941
2025-11-05,77106.96710624373
2025-11-06,75880.55767771375
2025-11-07,75648.01581932124
2025-11-10,77113.98343511077
2025-11-11,77035.0935025196
2025-11-12,76946.20189360036
2025-11-13,75419.20752798331
2025-11-14,75440.29174511504
2025-11-17,74798.05948758364
2025-11-18,74230.53132727965
2025-11-19,74413.08067395673
2025-11-20,72775.11875867085
2025-11-21,73476.70214488254
2025-11-24,74929.61784977462
2025-11-25,75435.63749589668
2025-11-26,75990.67408970257
2025-11-28,76619.64063871789
2025-12-01,76061.57241198864
2025-12-02,76369.35340193358
2025-12-03,76611.01999266646
2025-12-04,76488.06096678732
2025-12-05,76672.56598464625
2025-12-08,76497.93001483215
2025-12-09,76349.20829159075
2025-12-10,76945.4845300733
2025-12-11,76974.2259787344
2025-12-12,75821.7264654042
2025-12-15,75785.04551823152
2025-12-16,75552.74805528681
2025-12-17,74480.1364007009
2025-12-18,75242.18635293737
2025-12-19,76279.20132970606
2025-12-22,76705.87249358217
2025-12-23,76913.72506657535
2025-12-24,77184.20351046232
2025-12-26,77264.28749960756
2025-12-29,76984.00002784847
2025-12-30,76822.1502023704
2025-12-31,76212.14909078792
2026-01-02,76108.32433551471
2026-01-05,76272.37262557773
2026-01-06,77038.71428365316
2026-01-07,77220.19889580649
2026-01-08,76655.3865730415
2026-01-09,76956.37268440174
2026-01-12,77001.796960383
2026-01-13,76699.1017232201
2026-01-14,76516.42911364093
2026-01-15,76410.95551582638
2026-01-16,76013.04902289766
2026-01-20,74926.01337667223
2026-01-21,75987.86594534092
2026-01-22,76539.09410275727
2026-01-23,76601.33942852108
2026-01-26,77052.92692135129
2026-01-27,76779.05757961543
2026-01-28,76762.5076074813
2026-01-29,76942.8684460206
2026-01-30,76636.2194323392
2026-02-02,76348.93565852953
2026-02-03,77925.08495698136
2026-02-04,79187.09065197113
2026-02-05,78011.29847616056
2026-02-06,79792.23098652814
2026-02-09,80412.8478086671
2026-02-10,80790.26904012905
2026-02-11,81999.30929295268
2026-02-12,80772.72699109605
2026-02-13,81423.21850044133
2026-02-17,80954.83628456776
2026-02-18,81629.63221211082
2026-02-19,81932.89839711796
2026-02-20,81989.4584174259
2026-02-23,81753.82294842077
2026-02-24,82270.06774357754
2026-02-25,81787.58436007633
2026-02-26,82016.97010765242
2026-02-27,82728.59237675543
2026-03-02,83472.28880424071
2026-03-03,81996.00357336031
2026-03-04,81908.46202997745
2026-03-05,80869.52505500344
2026-03-06,80065.92379010029
2026-03-09,80174.61115732184
2026-03-10,79630.31940036498
2026-03-11,80185.10471503479
2026-03-12,79677.69097366255
2026-03-13,79408.64582123685
2026-03-16,79840.07561227537
2026-03-17,80255.62198629738
2026-03-18,79445.12515556281
2026-03-19,79282.8428196319
2026-03-20,78454.87505829147
2026-03-23,79500.10164627362
2026-03-24,80693.81558613914
2026-03-25,81287.82274651752
2026-03-26,80908.74581565098
2026-03-27,80919.60673294657
2026-03-30,80321.3545763795
2026-03-31,81374.13690871587
2026-04-01,80648.51416503685
2026-04-02,80883.6165569361
2026-04-06,80878.7582657621
2026-04-07,81078.82565268093
2026-04-08,81330.05493171597
2026-04-09,81166.32218982832
2026-04-10,81025.0938933722
2026-04-13,80897.4550759698
2026-04-14,80303.23626528331
2026-04-15,79628.88403319499
2026-04-16,80400.69882904248
2026-04-17,79619.2379703747
2026-04-20,79586.67067907109
2026-04-21,79274.51862974648
2026-04-22,79575.00337319884
2026-04-23,80492.3950136678
2026-04-24,80549.9535001431
2026-04-27,80436.15533121258
2026-04-28,80718.17409459471
2026-04-29,80771.6731288061
2026-04-30,82013.51014825821
2026-05-01,81581.26330216009
2026-05-04,81549.72483148496
2026-05-05,82405.06649651128
2026-05-06,82713.33559231761
2026-05-07,81702.93030558994
2026-05-08,82391.70774624735
2026-05-11,83777.55197921139
2026-05-12,83442.12055938106
2026-05-13,83616.59719483137
2026-05-14,84389.92514380229
2026-05-15,84044.50732964829
2026-05-18,84173.58005723036
2026-05-19,83991.90473532186
2026-05-20,84271.7276078647
2026-05-21,84155.62108521648
2026-05-22,84811.53353020092
2026-05-26,85192.9919559059
2026-05-27,84661.92918774202
2026-05-28,84931.46511497317
2026-05-29,85126.0522554207
2026-06-01,86394.20555988932
2026-06-02,87218.9310660856
2026-06-03,87228.73211418417
2026-06-04,86654.4775180192
2026-06-05,82812.52777432687
2026-06-08,84153.53555950226
2026-06-09,82859.34081078078
2026-06-10,82088.93308511551
2026-06-11,83501.67424674118
2026-06-12,84116.56006042457
2026-06-15,85083.5093685995
2026-06-16,83656.35053007488
2026-06-17,82932.24721681199
2026-06-18,84009.21512664961
2026-06-22,84430.36362485177
2026-06-23,82545.99538725095
2026-06-24,81809.20810352995
2026-06-25,82521.39301598676
2026-06-26,81500.0020340742
2026-06-29,82689.02220228818
2026-06-30,83675.86871945785
2026-07-01,82141.90883781864
2026-07-02,81007.45613821976
2026-07-06,82082.56459437082
2026-07-07,80452.49723121146
2026-07-08,80572.53848024334
2026-07-09,81707.05124406784
2026-07-10,81976.015925008
2026-07-13,80562.68867085731
2026-07-14,81221.19620742553
2026-07-15,80788.54059705362
2026-07-16,79757.14181946943
2026-07-17,78959.32374067148
2026-07-20,78815.6972647133
2026-07-21,80140.67429086864
2026-07-22,79957.32353641365
2026-07-23,79642.76078915715
2026-07-24,79068.91825521212
2026-07-27,78828.7893889534
2026-07-28,77987.63981943276
2026-07-29,75940.82411325889
2026-07-30,78415.45223695801
2026-07-31,78741.17426659472
2026-08-03,78548.76854139494
2026-08-04,79708.89621250452
2026-08-05,79356.4398187219
2026-08-06,79712.97031188755
2026-08-07,79988.67901945401
2026-08-10,81441.52448030816
